Filename,Predicted Class
image_001.png,color cast
image_002.png,color cast
image_003.png,color cast
image_004.png,low light
image_005.png,color cast
image_006.png,color cast
image_007.png,color cast
image_008.png,color cast
image_009.png,color cast
image_010.png,color cast
image_011.png,color cast
image_012.png,color cast
image_013.png,color cast
image_014.png,color cast
image_015.png,color cast
image_016.png,color cast
image_017.png,color cast
image_018.png,low light
image_019.png,blur
image_020.png,low light
image_021.png,low light
image_022.png,color cast
image_023.png,low light
image_024.png,low light
image_025.png,low light
image_026.png,color cast
image_027.png,color cast
image_028.png,color cast
image_029.png,color cast
image_030.png,color cast
image_031.png,color cast
image_032.png,color cast
image_033.png,color cast
image_034.png,color cast
image_035.png,color cast
image_036.png,color cast
image_037.png,color cast
image_038.png,color cast
image_039.png,color cast
image_040.png,color cast
image_041.png,color cast
image_042.png,color cast
image_043.png,color cast
image_044.png,color cast
image_045.png,color cast
image_046.png,color cast
image_047.png,color cast
image_048.png,color cast
image_049.png,color cast
image_050.png,color cast
image_051.png,color cast
image_052.png,color cast
image_053.png,blur
image_054.png,color cast
image_055.png,color cast
image_056.png,color cast
image_057.png,color cast
image_058.png,color cast
image_059.png,color cast
image_060.png,color cast
image_061.png,color cast
image_062.png,color cast
image_063.png,color cast
image_064.png,color cast
image_065.png,color cast
image_066.png,color cast
image_067.png,color cast
image_068.png,color cast
image_069.png,color cast
image_070.png,color cast
image_071.png,color cast
image_072.png,color cast
image_073.png,color cast
image_074.png,color cast
image_075.png,color cast
image_076.png,color cast
image_077.png,color cast
image_078.png,color cast
image_079.png,color cast
image_080.png,color cast
image_081.png,color cast
image_082.png,color cast
image_083.png,color cast
image_084.png,color cast
image_085.png,color cast
image_086.png,color cast
image_087.png,color cast
image_088.png,color cast
image_089.png,color cast
image_090.png,color cast
image_091.png,color cast
image_092.png,color cast
image_093.png,color cast
image_094.png,color cast
image_095.png,color cast
image_096.png,color cast
image_097.png,color cast
image_098.png,color cast
image_099.png,color cast
image_100.png,color cast
image_101.png,color cast
image_102.png,color cast
image_103.png,color cast
image_104.png,color cast
image_105.png,color cast
image_106.png,color cast
image_107.png,color cast
image_108.png,color cast
image_109.png,color cast
image_110.png,color cast
image_111.png,color cast
image_112.png,color cast
image_113.png,color cast
image_114.png,color cast
image_115.png,color cast
image_116.png,color cast
image_117.png,color cast
image_118.png,color cast
image_119.png,color cast
image_120.png,color cast
image_121.png,color cast
image_122.png,color cast
image_123.png,color cast
image_124.png,low light
image_125.png,color cast
image_126.png,color cast
image_127.png,color cast
image_128.png,color cast
image_129.png,color cast
image_130.png,color cast
image_131.png,color cast
image_132.png,color cast
image_133.png,color cast
image_134.png,color cast
image_135.png,color cast
image_136.png,color cast
image_137.png,color cast
image_138.png,color cast
image_139.png,color cast
image_140.png,color cast
image_141.png,color cast
image_142.png,color cast
image_143.png,color cast
image_144.png,color cast
image_145.png,color cast
image_146.png,color cast
image_147.png,color cast
image_148.png,color cast
image_149.png,color cast
image_150.png,color cast
image_151.png,color cast
image_152.png,color cast
image_153.png,color cast
image_154.png,color cast
image_155.png,color cast
image_156.png,color cast
image_157.png,color cast
image_158.png,color cast
image_159.png,color cast
image_160.png,color cast
image_161.png,color cast
image_162.png,color cast
image_163.png,color cast
image_164.png,color cast
image_165.png,color cast
image_166.png,color cast
image_167.png,color cast
image_168.png,color cast
image_169.png,color cast
image_170.png,color cast
image_171.png,color cast
image_172.png,color cast
image_173.png,color cast
image_174.png,color cast
image_175.png,color cast
image_176.png,color cast
image_177.png,low light
image_178.png,low light
image_179.png,low light
image_180.png,color cast
image_181.png,color cast
image_182.png,color cast
image_183.png,color cast
image_184.png,color cast
image_185.png,color cast
image_186.png,color cast
image_187.png,color cast
image_188.png,color cast
image_189.png,color cast
image_190.png,color cast
image_191.png,color cast
image_192.png,color cast
image_193.png,color cast
image_194.png,color cast
image_195.png,color cast
image_196.png,blur
image_197.png,color cast
image_198.png,color cast
image_199.png,color cast
image_200.png,color cast
image_201.png,color cast
image_202.png,color cast
image_203.png,color cast
image_204.png,color cast
image_205.png,color cast
image_206.png,color cast
image_207.png,color cast
image_208.png,color cast
image_209.png,color cast
image_210.png,color cast
image_211.png,color cast
image_212.png,color cast
image_213.png,color cast
image_214.png,color cast
image_215.png,color cast
image_216.png,color cast
image_217.png,color cast
image_218.png,color cast
image_219.png,color cast
image_220.png,color cast
image_221.png,color cast
image_222.png,color cast
image_223.png,color cast
image_224.png,color cast
image_225.png,color cast
image_226.png,color cast
image_227.png,low light
image_228.png,color cast
image_229.png,color cast
image_230.png,color cast
image_231.png,color cast
image_232.png,color cast
image_233.png,color cast
image_234.png,color cast
image_235.png,color cast
image_236.png,color cast
image_237.png,color cast
image_238.png,color cast
image_239.png,color cast
image_240.png,color cast
image_241.png,color cast
image_242.png,color cast
image_243.png,color cast
image_244.png,color cast
image_245.png,color cast
image_246.png,color cast
image_247.png,color cast
image_248.png,color cast
image_249.png,color cast
image_250.png,color cast
image_251.png,color cast
image_252.png,color cast
image_253.png,color cast
image_254.png,color cast
image_255.png,color cast
image_256.png,color cast
image_257.png,color cast
image_258.png,color cast
image_259.png,color cast
image_260.png,color cast
image_261.png,color cast
image_262.png,color cast
image_263.png,color cast
image_264.png,color cast
image_265.png,color cast
image_266.png,color cast
image_267.png,low light
image_268.png,color cast
image_269.png,color cast
image_270.png,color cast
image_271.png,color cast
image_272.png,color cast
image_273.jpg,color cast
image_274.jpg,color cast
image_275.jpg,color cast
image_276.jpg,color cast
image_277.jpg,color cast
image_278.jpg,color cast
image_279.jpg,color cast
image_280.jpg,color cast
image_281.jpg,color cast
image_282.jpg,blur
image_283.jpg,color cast
image_284.jpg,color cast
image_285.jpg,color cast
image_286.jpg,blur
image_287.jpg,blur
image_288.jpg,color cast
image_289.jpg,color cast
image_290.jpg,color cast
image_291.jpg,color cast
image_292.jpg,color cast
image_293.jpg,color cast
image_294.jpg,color cast
image_295.jpg,color cast
image_296.jpg,color cast
image_297.jpg,color cast
image_298.jpg,color cast
image_299.jpg,color cast
image_300.jpg,color cast
image_301.jpg,color cast
image_302.jpg,color cast
image_303.jpg,color cast
image_304.jpg,color cast
image_305.jpg,color cast
image_306.jpg,color cast
image_307.jpg,color cast
image_308.jpg,color cast
image_309.jpg,color cast
image_310.jpg,color cast
image_311.jpg,color cast
image_312.jpg,color cast
image_313.jpg,color cast
image_314.jpg,color cast
image_315.jpg,color cast
image_316.jpg,color cast
image_317.jpg,color cast
image_318.jpg,color cast
image_319.jpg,color cast
image_320.jpg,color cast
image_321.jpg,color cast
image_322.jpg,color cast
image_323.jpg,color cast
image_324.jpg,color cast
image_325.jpg,color cast
image_326.jpg,color cast
image_327.jpg,color cast
image_328.jpg,blur
image_329.jpg,color cast
image_330.jpg,color cast
image_331.jpg,color cast
image_332.jpg,color cast
image_333.jpg,color cast
image_334.jpg,color cast
image_335.jpg,blur
image_336.jpg,color cast
image_337.jpg,color cast
image_338.jpg,color cast
image_339.jpg,low light
image_340.jpg,color cast
image_341.jpg,blur
image_342.jpg,color cast
image_343.jpg,color cast
image_344.jpg,color cast
image_345.jpg,color cast
image_346.jpg,color cast
image_347.jpg,color cast
image_348.jpg,blur
image_349.jpg,color cast
image_350.jpg,color cast
image_351.jpg,color cast
image_352.jpg,color cast
image_353.jpg,color cast
image_354.jpg,color cast
image_355.jpg,color cast
image_356.jpg,color cast
image_357.jpg,color cast
image_358.jpg,color cast
image_359.jpg,color cast
image_360.jpg,color cast
image_361.jpg,blur
image_362.jpg,color cast
image_363.jpg,color cast
image_364.jpg,color cast
image_365.jpg,color cast
image_366.jpg,low light
image_367.jpg,color cast
image_368.jpg,color cast
image_369.jpg,color cast
image_370.jpg,color cast
image_371.jpg,color cast
image_372.jpg,low light
image_373.jpg,blur
image_374.jpg,color cast
image_375.jpg,color cast
image_376.jpg,color cast
image_377.jpg,color cast
image_378.jpg,color cast
image_379.jpg,color cast
image_380.jpg,blur
image_381.jpg,color cast
image_382.jpg,color cast
image_383.jpg,color cast
image_384.jpg,color cast
image_385.jpg,low light
image_386.jpg,color cast
image_387.jpg,blur
image_388.jpg,color cast
image_389.jpg,color cast
image_390.jpg,low light
image_391.jpg,color cast
image_392.jpg,color cast
image_393.jpg,color cast
image_394.jpg,color cast
image_395.jpg,color cast
image_396.jpg,color cast
image_397.jpg,color cast
image_398.jpg,color cast
image_399.jpg,color cast
image_400.jpg,low light
